date,revenue,transactions,line_items,day_of_week
2025-07-17,760234.0,894,2794,Thursday
2025-07-18,601746.16,690,2367,Friday
2025-07-19,435993.0,530,1703,Saturday
2025-07-20,747615.0,795,2875,Sunday
2025-07-21,621628.0,706,2498,Monday
2025-07-22,636305.0,700,2314,Tuesday
2025-07-23,684471.0,770,2658,Wednesday
2025-07-24,606609.0,706,2381,Thursday
2025-07-25,650667.0,780,2563,Friday
2025-07-26,639313.0,712,2413,Saturday
2025-07-27,590453.0,729,2487,Sunday
2025-07-28,588520.0,703,2307,Monday
2025-07-29,522793.0,699,2171,Tuesday
2025-07-30,638821.0,711,2371,Wednesday
2025-07-31,637585.0,798,2539,Thursday
2025-08-01,707063.0,721,2496,Friday
2025-08-02,607019.0,652,2202,Saturday
2025-08-03,641620.0,702,2446,Sunday
2025-08-04,725728.0,729,2668,Monday
2025-08-05,720705.0,723,2675,Tuesday
2025-08-06,743000.0,758,2717,Wednesday
2025-08-07,650484.0,767,2462,Thursday
2025-08-08,812426.7,918,3220,Friday
2025-08-09,703988.52,839,2793,Saturday
2025-08-10,564341.0,725,2329,Sunday
2025-08-11,657423.0,668,2187,Monday
2025-08-12,670031.0,726,2497,Tuesday
2025-08-13,399485.0,495,1597,Wednesday
2025-08-14,615478.0,619,2315,Thursday
2025-08-15,753833.0,800,2738,Friday
2025-08-16,691580.0,725,2458,Saturday
2025-08-17,604975.0,648,2272,Sunday
2025-08-18,766134.0,771,2781,Monday
2025-08-19,801317.0,778,2999,Tuesday
2025-08-20,752404.0,803,2728,Wednesday
2025-08-21,651627.0,615,2421,Thursday
2025-08-22,948810.0,881,3035,Friday
2025-08-23,969154.0,956,3492,Saturday
2025-08-24,836611.0,846,3122,Sunday
2025-08-25,840933.0,1012,3159,Monday
2025-08-26,616790.0,815,2250,Tuesday
2025-08-27,607296.0,743,2460,Wednesday
2025-08-28,556055.0,609,2115,Thursday
2025-08-29,778170.0,824,2828,Friday
2025-08-30,638529.0,751,2469,Saturday
2025-08-31,665961.0,760,2457,Sunday
2025-09-01,676521.0,707,2491,Monday
2025-09-02,784339.0,752,2743,Tuesday
2025-09-03,716412.0,694,2624,Wednesday
2025-09-04,573640.95,648,2210,Thursday
2025-09-05,641791.0,716,2453,Friday
2025-09-06,553027.0,656,2179,Saturday
2025-09-07,699381.0,773,2594,Sunday
2025-09-08,606094.0,670,2241,Monday
2025-09-09,796214.0,701,2798,Tuesday
2025-09-11,1188612.0,847,4213,Thursday
2025-09-12,1119809.0,832,3861,Friday
2025-09-13,686392.0,716,2685,Saturday
2025-09-14,714987.0,764,2788,Sunday
2025-09-15,891913.0,781,2856,Monday
2025-09-16,586246.0,692,2322,Tuesday
2025-09-17,655885.0,658,2375,Wednesday
2025-09-18,687339.0,751,2619,Thursday
2025-09-19,685052.0,715,2538,Friday
2025-09-20,616691.0,692,2464,Saturday
2025-09-21,880080.0,766,2882,Sunday
2025-09-22,737259.0,709,2668,Monday
2025-09-23,748166.0,753,2750,Tuesday
2025-09-24,757840.0,695,2612,Wednesday
2025-09-25,1019129.0,877,3585,Thursday
2025-09-26,1051355.0,842,3776,Friday
2025-09-27,1029708.0,857,3713,Saturday
2025-09-28,920862.41,784,3339,Sunday
2025-09-29,1172449.0,933,4095,Monday
2025-09-30,1057559.0,841,3398,Tuesday
2025-10-01,1386057.0,1146,4987,Wednesday
2025-10-03,478385.0,613,1889,Friday
2025-10-04,511503.0,616,1866,Saturday
2025-10-05,499961.0,669,1993,Sunday
2025-10-06,498774.0,645,2028,Monday
2025-10-07,595095.0,674,2124,Tuesday
2025-10-08,589178.0,667,2053,Wednesday
2025-10-09,693884.0,733,2516,Thursday
2025-10-10,663735.0,737,2560,Friday
2025-10-11,514365.0,628,1922,Saturday
2025-10-12,632555.0,713,2414,Sunday
2025-10-13,675559.0,700,2529,Monday
2025-10-14,683893.0,643,2247,Tuesday
2025-10-15,724125.0,657,2418,Wednesday
2025-10-16,610303.0,660,2191,Thursday
2025-10-17,687653.0,674,2415,Friday
2025-10-18,750619.0,763,2835,Saturday
2025-10-19,1066615.0,888,3658,Sunday
2025-10-20,1004119.0,994,3984,Monday
2025-10-21,1216179.0,1023,4156,Tuesday
2025-10-22,1295178.0,1233,4665,Wednesday
2025-10-24,564287.0,617,1948,Friday
2025-10-25,681115.0,636,2095,Saturday
2025-10-26,756998.0,704,2286,Sunday
2025-10-27,814504.0,681,2342,Monday
2025-10-28,476360.0,582,1812,Tuesday
2025-10-29,812062.0,768,2670,Wednesday
2025-10-30,518756.0,566,1879,Thursday
2025-10-31,670179.0,678,2214,Friday
2025-11-01,676030.0,697,2422,Saturday
2025-11-02,722863.0,679,2213,Sunday
2025-11-03,690102.0,690,2403,Monday
2025-11-04,737641.0,708,2534,Tuesday
2025-11-05,665636.0,661,2359,Wednesday
2025-11-06,618359.0,682,2188,Thursday
2025-11-07,675759.0,694,2351,Friday
2025-11-08,558092.0,647,2122,Saturday
2025-11-09,647647.0,669,2176,Sunday
2025-11-10,611992.0,651,2126,Monday
2025-11-11,664040.0,668,2373,Tuesday
2025-11-12,670086.0,637,2247,Wednesday
2025-11-13,601440.0,653,2210,Thursday
2025-11-14,709387.0,722,2523,Friday
2025-11-15,658853.0,641,2351,Saturday
2025-11-16,594236.0,637,2134,Sunday
2025-11-17,658075.0,686,2263,Monday
2025-11-18,638455.98,663,2236,Tuesday
2025-11-19,758977.0,653,2564,Wednesday
2025-11-20,733320.0,650,2405,Thursday
2025-11-21,735796.99,661,2466,Friday
2025-11-22,610176.0,627,2213,Saturday
2025-11-23,688154.0,735,2416,Sunday
2025-11-24,636093.0,701,2339,Monday
2025-11-25,626772.0,640,2189,Tuesday
2025-11-26,643799.0,676,2460,Wednesday
2025-11-27,629501.0,659,2192,Thursday
2025-11-28,663233.0,708,2425,Friday
2025-11-29,584597.0,649,2195,Saturday
2025-11-30,743046.0,657,2467,Sunday
2025-12-01,797482.0,720,2605,Monday
2025-12-02,783274.0,731,2617,Tuesday
2025-12-03,927164.0,727,2843,Wednesday
2025-12-04,709011.0,639,2331,Thursday
2025-12-05,730279.0,666,2326,Friday
2025-12-06,643386.0,714,2369,Saturday
2025-12-07,719047.0,710,2337,Sunday
2025-12-08,696168.0,728,2392,Monday
2025-12-09,609772.0,670,2208,Tuesday
2025-12-10,660138.0,675,2357,Wednesday
2025-12-11,664757.0,638,2339,Thursday
2025-12-12,749147.0,735,2548,Friday
2025-12-13,642391.0,499,2404,Saturday
2025-12-14,618761.0,660,2349,Sunday
2025-12-15,720908.0,675,2395,Monday
2025-12-16,755602.0,699,2588,Tuesday
2025-12-17,753036.0,726,2600,Wednesday
2025-12-18,629006.0,680,2234,Thursday
2025-12-19,796524.0,740,2735,Friday
2025-12-20,584054.0,640,2170,Saturday
2025-12-21,734362.0,758,2600,Sunday
2025-12-22,694218.0,720,2478,Monday
2025-12-23,644647.0,704,2354,Tuesday
2025-12-24,680184.0,674,2448,Wednesday
2025-12-25,760374.0,755,2537,Thursday
2025-12-26,793300.0,696,2523,Friday
2025-12-27,700519.0,660,2226,Saturday
2025-12-28,635801.0,686,2251,Sunday
2025-12-29,729673.0,732,2617,Monday
2025-12-30,625060.0,689,2217,Tuesday
2025-12-31,667089.0,726,2357,Wednesday
2026-01-01,687579.0,713,2301,Thursday
2026-01-02,733703.0,703,2580,Friday
2026-01-03,652804.0,686,2416,Saturday
2026-01-04,649884.0,694,2250,Sunday
2026-01-05,669186.0,692,2424,Monday
2026-01-06,702719.0,713,2573,Tuesday
2026-01-07,745616.0,698,2523,Wednesday
2026-01-08,685545.0,710,2400,Thursday
2026-01-09,816394.0,759,2732,Friday
2026-01-10,700815.0,743,2536,Saturday
2026-01-11,633465.0,753,2501,Sunday
2026-01-12,698199.0,691,2435,Monday
2026-01-13,765508.0,758,2792,Tuesday
2026-01-14,938402.0,957,3462,Wednesday
2026-01-15,625062.0,743,2211,Thursday
2026-01-16,642388.0,669,2225,Friday
2026-01-17,590181.0,660,2258,Saturday
2026-01-18,778706.0,775,2594,Sunday
2026-01-19,588062.0,624,2010,Monday
2026-01-20,702258.0,733,2514,Tuesday
2026-01-21,672101.0,717,2343,Wednesday
2026-01-22,681903.0,710,2425,Thursday
2026-01-23,833135.0,734,2519,Friday
2026-01-24,603388.0,627,2121,Saturday
2026-01-25,621643.0,698,2380,Sunday
2026-01-26,632403.0,685,2241,Monday
2026-01-27,612984.0,658,2199,Tuesday
2026-01-28,577899.0,650,2162,Wednesday
2026-01-29,868697.0,675,2660,Thursday
2026-01-30,866593.0,774,2840,Friday
2026-01-31,713957.0,704,2395,Saturday
2026-02-01,925783.0,738,2754,Sunday
2026-02-02,703651.0,701,2411,Monday
2026-02-03,739757.0,694,2203,Tuesday
2026-02-04,795672.0,717,2446,Wednesday
2026-02-05,674385.0,685,2383,Thursday
2026-02-06,842761.0,685,2477,Friday
2026-02-07,706602.0,659,2215,Saturday
2026-02-08,719470.0,749,2446,Sunday
2026-02-09,796546.0,721,2489,Monday
2026-02-10,684213.0,704,2435,Tuesday
2026-02-11,805125.0,688,2405,Wednesday
2026-02-12,694370.0,698,2179,Thursday
2026-02-13,832599.0,794,2778,Friday
2026-02-14,767878.0,754,2543,Saturday
2026-02-15,563347.0,624,2039,Sunday
2026-02-16,672577.0,738,2348,Monday
2026-02-17,806246.0,736,2562,Tuesday
2026-02-18,767325.0,636,2594,Wednesday
2026-02-19,632378.0,643,2247,Thursday
2026-02-20,811302.0,756,2581,Friday
2026-02-21,724123.0,704,2401,Saturday
2026-02-22,671686.81,654,2243,Sunday
2026-02-23,879225.0,740,2589,Monday
2026-02-24,750341.0,701,2445,Tuesday
2026-02-25,759468.0,696,2338,Wednesday
2026-02-26,688557.0,638,2175,Thursday
2026-02-27,710038.0,700,2404,Friday
2026-02-28,664534.0,647,2347,Saturday
2026-03-01,954145.0,877,3286,Sunday
2026-03-02,840023.0,828,2943,Monday
2026-03-03,988222.0,778,3159,Tuesday
2026-03-04,1018774.0,891,3770,Wednesday
2026-03-06,662336.0,717,2417,Friday
2026-03-07,601280.0,681,2246,Saturday
2026-03-08,693365.0,705,2595,Sunday
2026-03-09,700290.0,767,2511,Monday
2026-03-10,836785.0,742,2538,Tuesday
2026-03-11,898339.0,768,2570,Wednesday
2026-03-12,676245.0,658,2185,Thursday
2026-03-13,836659.0,778,2621,Friday
2026-03-14,523588.0,637,2017,Saturday
2026-03-15,823759.0,764,2783,Sunday
2026-03-16,817463.98,727,2565,Monday
2026-03-17,776943.5,739,2636,Tuesday
2026-03-18,797024.99,768,2648,Wednesday
2026-03-19,680033.0,700,2292,Thursday
2026-03-20,717067.0,641,2181,Friday
2026-03-21,641033.0,663,2349,Saturday
2026-03-22,682480.0,759,2599,Sunday
2026-03-23,716959.0,694,2334,Monday
2026-03-24,717063.0,595,2317,Tuesday
2026-03-25,755478.0,739,2633,Wednesday
2026-03-26,724180.0,736,2646,Thursday
2026-03-27,595812.0,600,1883,Friday
2026-03-28,660369.0,690,2297,Saturday
2026-03-29,620176.0,680,2238,Sunday
2026-03-30,720845.0,739,2568,Monday
2026-03-31,634818.0,666,2186,Tuesday
2026-04-01,810257.0,765,2715,Wednesday
2026-04-02,672643.0,726,2664,Thursday
2026-04-03,772380.0,799,2863,Friday
2026-04-04,702672.09,806,2860,Saturday
2026-04-05,622869.0,694,2423,Sunday
2026-04-06,719358.0,624,2436,Monday
2026-04-07,847588.0,783,2916,Tuesday
2026-04-08,635682.0,658,2351,Wednesday
2026-04-09,779409.99,725,2417,Thursday
2026-04-10,846497.0,817,2964,Friday
2026-04-11,679980.0,716,2534,Saturday
2026-04-12,800202.0,705,2574,Sunday
2026-04-13,257842.0,83,970,Monday
2026-04-14,1136008.0,768,3836,Tuesday
2026-04-15,764729.0,742,2546,Wednesday
2026-04-16,792442.0,725,2842,Thursday
2026-04-17,756636.0,844,2665,Friday
2026-04-18,629079.0,638,2155,Saturday
2026-04-19,783643.0,742,2451,Sunday
2026-04-20,716677.0,763,2356,Monday
2026-04-21,731978.0,694,2421,Tuesday
2026-04-22,771637.0,749,2584,Wednesday
2026-04-23,750101.0,755,2558,Thursday
2026-04-24,641155.0,688,2274,Friday
2026-04-25,557446.0,618,1930,Saturday
2026-04-26,622536.0,638,2283,Sunday
2026-04-27,881102.0,808,3069,Monday
2026-04-28,702951.0,631,2260,Tuesday
2026-04-29,749124.0,680,2364,Wednesday
2026-04-30,926711.0,831,3135,Thursday
2026-05-01,729672.0,693,2535,Friday
2026-05-02,632291.0,715,2272,Saturday
2026-05-03,820480.78,773,2914,Sunday
2026-05-04,782371.0,740,2773,Monday
2026-05-05,728171.0,733,2683,Tuesday
2026-05-06,592141.0,564,1840,Wednesday
2026-05-07,799150.0,802,2732,Thursday
2026-05-08,765178.0,751,2606,Friday
2026-05-09,640467.0,706,2525,Saturday
2026-05-10,833193.0,819,2969,Sunday
2026-05-11,734580.0,748,2573,Monday
2026-05-12,709708.0,670,2434,Tuesday
2026-05-13,639340.0,652,2345,Wednesday
2026-05-14,684080.0,710,2378,Thursday
2026-05-15,723293.0,728,2543,Friday
2026-05-16,643762.0,707,2568,Saturday
2026-05-17,710414.0,798,2665,Sunday
2026-05-18,749947.0,756,2722,Monday
2026-05-19,774177.0,732,2678,Tuesday
2026-05-20,572245.0,587,2183,Wednesday
