month,category,revenue,baskets
2025-07,ALCOHOLIC BEVERAGES,504454.19,383
2025-07,BABY CARE,115258.08,241
2025-07,BAKERY,27524.86,297
2025-07,BISCUITS AND COOKIES,343808.3,1587
2025-07,BREAKFAST CEREALS,125716.24,275
2025-07,CANNED AND PACKAGED FOODS,762005.39,2991
2025-07,CIGARETTE AND TOBACCO,548361.28,502
2025-07,CLEANING SUPPLIES,666383.21,1802
2025-07,CONFECTIONERY,223130.94,1343
2025-07,COOKING OIL,1082809.35,1458
2025-07,DAIRY PRODUCTS,568374.46,2217
2025-07,ELECTRICAL SUPPLIES,6830.0,48
2025-07,FOOD STAPLES,970225.19,3113
2025-07,FRESH PRODUCE,47984.18,135
2025-07,FROZEN FOODS,167470.54,426
2025-07,HOUSEHOLD ITEMS,158376.1,708
2025-07,NOODLES,243396.9,1039
2025-07,PARTY SUPPLIES,2170.0,10
2025-07,PERSONAL CARE,470366.51,1445
2025-07,POOJA ITEMS,58672.64,401
2025-07,RICE,1125631.13,730
2025-07,SNACKS,216529.56,1052
2025-07,SOFT DRINKS AND JUICES,402692.82,1655
2025-07,STATIONERY,33668.22,257
2025-07,TEA AND SPICES,490913.1,1844
2025-08,ALCOHOLIC BEVERAGES,1348133.78,981
2025-08,BABY CARE,229059.44,481
2025-08,BAKERY,54595.52,580
2025-08,BISCUITS AND COOKIES,772517.07,3382
2025-08,BREAKFAST CEREALS,251303.47,538
2025-08,CANNED AND PACKAGED FOODS,1726592.84,6694
2025-08,CIGARETTE AND TOBACCO,1309031.51,1118
2025-08,CLEANING SUPPLIES,1331145.14,3664
2025-08,CONFECTIONERY,583404.89,3106
2025-08,COOKING OIL,2582197.08,3423
2025-08,DAIRY PRODUCTS,1416603.25,4416
2025-08,ELECTRICAL SUPPLIES,21255.02,115
2025-08,FOOD STAPLES,2362510.4,7073
2025-08,FRESH PRODUCE,149990.8,437
2025-08,FROZEN FOODS,417113.2,994
2025-08,HOUSEHOLD ITEMS,361391.06,1438
2025-08,NOODLES,486850.95,2071
2025-08,PARTY SUPPLIES,5195.0,32
2025-08,PERSONAL CARE,910711.62,2802
2025-08,POOJA ITEMS,123463.99,987
2025-08,RICE,2695939.56,1854
2025-08,SNACKS,471850.72,2155
2025-08,SOFT DRINKS AND JUICES,937210.64,3544
2025-08,STATIONERY,67143.01,549
2025-08,TEA AND SPICES,1083761.25,4095
2025-09,ALCOHOLIC BEVERAGES,1542875.43,903
2025-09,BABY CARE,238449.55,530
2025-09,BAKERY,52354.16,564
2025-09,BISCUITS AND COOKIES,808312.27,3404
2025-09,BREAKFAST CEREALS,220637.13,519
2025-09,CANNED AND PACKAGED FOODS,1762728.49,6416
2025-09,CIGARETTE AND TOBACCO,1312852.44,1113
2025-09,CLEANING SUPPLIES,1742785.95,4170
2025-09,CONFECTIONERY,533768.41,2911
2025-09,COOKING OIL,2966031.02,3534
2025-09,DAIRY PRODUCTS,1089891.78,3738
2025-09,ELECTRICAL SUPPLIES,26213.0,141
2025-09,FOOD STAPLES,2573808.08,7203
2025-09,FRESH PRODUCE,177513.78,672
2025-09,FROZEN FOODS,394733.79,952
2025-09,HOUSEHOLD ITEMS,339518.32,1404
2025-09,NOODLES,536616.42,2256
2025-09,PARTY SUPPLIES,3465.0,19
2025-09,PERSONAL CARE,1090229.21,3105
2025-09,POOJA ITEMS,153444.73,1200
2025-09,RICE,2910899.49,1769
2025-09,SNACKS,499964.86,2146
2025-09,SOFT DRINKS AND JUICES,831046.81,3076
2025-09,STATIONERY,66003.05,554
2025-09,TEA AND SPICES,1380610.18,4487
2025-10,ALCOHOLIC BEVERAGES,1940919.95,1235
2025-10,BABY CARE,233311.88,493
2025-10,BAKERY,43700.33,453
2025-10,BISCUITS AND COOKIES,660451.61,2811
2025-10,BREAKFAST CEREALS,196466.33,478
2025-10,CANNED AND PACKAGED FOODS,1731653.42,6293
2025-10,CIGARETTE AND TOBACCO,1327852.76,1116
2025-10,CLEANING SUPPLIES,1264394.78,3280
2025-10,CONFECTIONERY,648186.62,3059
2025-10,COOKING OIL,2555235.42,3223
2025-10,DAIRY PRODUCTS,1042685.61,3192
2025-10,ELECTRICAL SUPPLIES,29340.0,163
2025-10,FOOD STAPLES,2013069.35,6237
2025-10,FRESH PRODUCE,182551.11,657
2025-10,FROZEN FOODS,467316.47,1038
2025-10,HOUSEHOLD ITEMS,344305.53,1368
2025-10,NOODLES,472444.36,1997
2025-10,PARTY SUPPLIES,5170.0,20
2025-10,PERSONAL CARE,995874.34,2852
2025-10,POOJA ITEMS,199469.23,1390
2025-10,RICE,2177324.2,1699
2025-10,SNACKS,493072.53,2224
2025-10,SOFT DRINKS AND JUICES,924014.26,2962
2025-10,STATIONERY,50293.65,412
2025-10,TEA AND SPICES,1072892.24,3730
2025-11,ALCOHOLIC BEVERAGES,1262299.11,734
2025-11,BABY CARE,271274.5,540
2025-11,BAKERY,59957.54,616
2025-11,BISCUITS AND COOKIES,692642.78,3082
2025-11,BREAKFAST CEREALS,237542.35,524
2025-11,CANNED AND PACKAGED FOODS,1624892.3,5662
2025-11,CIGARETTE AND TOBACCO,1304657.93,1038
2025-11,CLEANING SUPPLIES,1375849.85,3424
2025-11,CONFECTIONERY,546074.72,2884
2025-11,COOKING OIL,2431871.86,2956
2025-11,DAIRY PRODUCTS,809407.98,2527
2025-11,ELECTRICAL SUPPLIES,19383.0,124
2025-11,FOOD STAPLES,2131293.06,6202
2025-11,FRESH PRODUCE,183997.84,672
2025-11,FROZEN FOODS,399954.83,872
2025-11,HOUSEHOLD ITEMS,315876.67,1231
2025-11,NOODLES,508474.62,2164
2025-11,PARTY SUPPLIES,4370.01,21
2025-11,PERSONAL CARE,1044259.03,3039
2025-11,POOJA ITEMS,113736.81,887
2025-11,RICE,2373405.4,1444
2025-11,SNACKS,417494.29,1904
2025-11,SOFT DRINKS AND JUICES,457962.18,1577
2025-11,STATIONERY,68833.19,547
2025-11,TEA AND SPICES,1196647.09,3996
2025-12,ALCOHOLIC BEVERAGES,1472290.69,810
2025-12,BABY CARE,274573.04,558
2025-12,BAKERY,60125.91,603
2025-12,BISCUITS AND COOKIES,764064.34,3333
2025-12,BREAKFAST CEREALS,252525.95,572
2025-12,CANNED AND PACKAGED FOODS,1899173.62,6282
2025-12,CIGARETTE AND TOBACCO,1487853.79,1162
2025-12,CLEANING SUPPLIES,1592602.79,3696
2025-12,CONFECTIONERY,633208.33,3221
2025-12,COOKING OIL,2661156.91,3346
2025-12,DAIRY PRODUCTS,919882.92,2428
2025-12,ELECTRICAL SUPPLIES,17425.0,108
2025-12,FOOD STAPLES,2277502.42,6677
2025-12,FRESH PRODUCE,205861.17,733
2025-12,FROZEN FOODS,450068.26,961
2025-12,HOUSEHOLD ITEMS,381022.17,1507
2025-12,NOODLES,567762.34,2375
2025-12,PARTY SUPPLIES,6405.01,31
2025-12,PERSONAL CARE,1053563.29,2906
2025-12,POOJA ITEMS,109055.34,786
2025-12,RICE,2393333.86,1531
2025-12,SNACKS,425978.46,1989
2025-12,SOFT DRINKS AND JUICES,456909.33,1360
2025-12,STATIONERY,74504.55,570
2025-12,TEA AND SPICES,1418284.51,4512
2026-01,ALCOHOLIC BEVERAGES,1466960.48,817
2026-01,BABY CARE,280916.12,559
2026-01,BAKERY,59967.0,599
2026-01,BISCUITS AND COOKIES,798160.94,3484
2026-01,BREAKFAST CEREALS,231986.58,501
2026-01,CANNED AND PACKAGED FOODS,1839144.07,6333
2026-01,CIGARETTE AND TOBACCO,1424250.01,1108
2026-01,CLEANING SUPPLIES,1539119.77,3689
2026-01,CONFECTIONERY,591594.32,3206
2026-01,COOKING OIL,2856129.17,3484
2026-01,DAIRY PRODUCTS,811792.24,2543
2026-01,ELECTRICAL SUPPLIES,21155.49,129
2026-01,FOOD STAPLES,2251327.83,6982
2026-01,FRESH PRODUCE,149448.49,534
2026-01,FROZEN FOODS,463277.44,895
2026-01,HOUSEHOLD ITEMS,411284.84,1751
2026-01,NOODLES,529305.45,2259
2026-01,PARTY SUPPLIES,6290.0,24
2026-01,PERSONAL CARE,1035566.95,3040
2026-01,POOJA ITEMS,111605.77,740
2026-01,RICE,2464177.77,1534
2026-01,SNACKS,470030.13,2268
2026-01,SOFT DRINKS AND JUICES,419108.01,1528
2026-01,STATIONERY,74934.98,569
2026-01,TEA AND SPICES,1383645.15,4628
2026-02,ALCOHOLIC BEVERAGES,1584168.57,691
2026-02,BABY CARE,253910.35,487
2026-02,BAKERY,51587.44,527
2026-02,BISCUITS AND COOKIES,689866.45,2942
2026-02,BREAKFAST CEREALS,208853.18,463
2026-02,CANNED AND PACKAGED FOODS,1609915.16,5358
2026-02,CIGARETTE AND TOBACCO,1317746.45,1056
2026-02,CLEANING SUPPLIES,1398521.14,3323
2026-02,CONFECTIONERY,565221.74,2892
2026-02,COOKING OIL,2793787.36,3063
2026-02,DAIRY PRODUCTS,1032871.74,2531
2026-02,ELECTRICAL SUPPLIES,21285.99,97
2026-02,FOOD STAPLES,2070011.31,5928
2026-02,FRESH PRODUCE,122168.91,381
2026-02,FROZEN FOODS,383957.07,739
2026-02,HOUSEHOLD ITEMS,352804.29,1421
2026-02,NOODLES,502723.35,2084
2026-02,PARTY SUPPLIES,1565.0,9
2026-02,PERSONAL CARE,872208.18,2556
2026-02,POOJA ITEMS,109037.21,707
2026-02,RICE,2539075.44,1438
2026-02,SNACKS,431763.58,1863
2026-02,SOFT DRINKS AND JUICES,609727.61,1737
2026-02,STATIONERY,65179.3,525
2026-02,TEA AND SPICES,1202003.0,3955
2026-03,ALCOHOLIC BEVERAGES,1186349.1,722
2026-03,BABY CARE,269016.82,518
2026-03,BAKERY,49220.17,513
2026-03,BISCUITS AND COOKIES,826878.09,3561
2026-03,BREAKFAST CEREALS,233674.3,528
2026-03,CANNED AND PACKAGED FOODS,1780915.22,6222
2026-03,CIGARETTE AND TOBACCO,1500932.44,1133
2026-03,CLEANING SUPPLIES,1640943.56,3861
2026-03,CONFECTIONERY,549821.75,2954
2026-03,COOKING OIL,3306503.01,3394
2026-03,DAIRY PRODUCTS,976850.97,3105
2026-03,ELECTRICAL SUPPLIES,19227.0,128
2026-03,FOOD STAPLES,2238527.75,6578
2026-03,FRESH PRODUCE,137123.1,397
2026-03,FROZEN FOODS,388427.8,839
2026-03,HOUSEHOLD ITEMS,368144.11,1506
2026-03,NOODLES,565953.53,2469
2026-03,PARTY SUPPLIES,3153.8,19
2026-03,PERSONAL CARE,1048451.52,2931
2026-03,POOJA ITEMS,113341.12,745
2026-03,RICE,2674394.57,1593
2026-03,SNACKS,503112.97,2153
2026-03,SOFT DRINKS AND JUICES,621673.48,2259
2026-03,STATIONERY,64447.07,550
2026-03,TEA AND SPICES,1244472.24,4287
2026-04,ALCOHOLIC BEVERAGES,1419663.62,835
2026-04,BABY CARE,247168.35,510
2026-04,BAKERY,56992.57,601
2026-04,BISCUITS AND COOKIES,836320.59,3450
2026-04,BREAKFAST CEREALS,237148.26,555
2026-04,CANNED AND PACKAGED FOODS,1753984.51,5995
2026-04,CIGARETTE AND TOBACCO,1531415.78,1155
2026-04,CLEANING SUPPLIES,1461369.72,3492
2026-04,CONFECTIONERY,652077.43,3230
2026-04,COOKING OIL,2759741.22,2981
2026-04,DAIRY PRODUCTS,1030808.8,3472
2026-04,ELECTRICAL SUPPLIES,12481.79,88
2026-04,FOOD STAPLES,2185580.73,6091
2026-04,FRESH PRODUCE,140688.42,362
2026-04,FROZEN FOODS,454784.8,1037
2026-04,HOUSEHOLD ITEMS,390799.76,1501
2026-04,NOODLES,547696.37,2230
2026-04,PARTY SUPPLIES,3144.54,27
2026-04,PERSONAL CARE,1019012.8,2840
2026-04,POOJA ITEMS,111783.21,663
2026-04,RICE,2392015.3,1496
2026-04,SNACKS,510080.17,2094
2026-04,SOFT DRINKS AND JUICES,988627.01,3130
2026-04,STATIONERY,66553.96,480
2026-04,TEA AND SPICES,1251395.36,4051
2026-05,ALCOHOLIC BEVERAGES,803107.73,511
2026-05,BABY CARE,158758.0,308
2026-05,BAKERY,56705.96,558
2026-05,BISCUITS AND COOKIES,505870.15,2173
2026-05,BREAKFAST CEREALS,150068.26,396
2026-05,CANNED AND PACKAGED FOODS,1114949.65,3993
2026-05,CIGARETTE AND TOBACCO,966380.69,698
2026-05,CLEANING SUPPLIES,1042665.43,2586
2026-05,CONFECTIONERY,329169.54,1944
2026-05,COOKING OIL,1837313.21,2064
2026-05,DAIRY PRODUCTS,765329.07,2598
2026-05,ELECTRICAL SUPPLIES,11030.03,77
2026-05,FOOD STAPLES,1468025.03,4432
2026-05,FRESH PRODUCE,125563.92,352
2026-05,FROZEN FOODS,278649.2,693
2026-05,HOUSEHOLD ITEMS,267286.98,989
2026-05,NOODLES,355985.49,1479
2026-05,PARTY SUPPLIES,1840.0,17
2026-05,PERSONAL CARE,683761.75,1912
2026-05,POOJA ITEMS,57576.97,395
2026-05,RICE,1595039.01,944
2026-05,SNACKS,339268.64,1442
2026-05,SOFT DRINKS AND JUICES,507891.19,1747
2026-05,STATIONERY,44556.14,376
2026-05,TEA AND SPICES,797868.77,2740
