antecedents,consequents,support,confidence,lift
Surya,Shikhar Ice,0.007690697917756618,0.519434628975265,22.41190405921719
Shikhar Ice,Surya,0.007690697917756618,0.3318284424379232,22.41190405921719
SADA PAPAD,PRAWN 120gm,0.005524746259286387,0.3582089552238806,11.890944720648234
PRAWN 120gm,SADA PAPAD,0.005524746259286387,0.1833970128516846,11.890944720648234
Mong Khosta,Aadar Dal,0.005608454535942242,0.18249914879128365,10.199674649112854
Aadar Dal,Mong Khosta,0.005608454535942242,0.31345029239766087,10.199674649112852
Khukuri FT,Shikhar Ice,0.008370827665585435,0.20191822311963656,8.71211042146441
Shikhar Ice,Khukuri FT,0.008370827665585435,0.3611738148984198,8.712110421464407
"Rato Dal, Sugar",Kalo Dal,0.009207910432143978,0.3472770323599053,7.720229351625065
Kalo Dal,"Rato Dal, Sugar",0.009207910432143978,0.20469876715515237,7.720229351625064
"Kalo Dal, Sugar",Rato Dal,0.009207910432143978,0.689655172413793,7.595983038790619
Rato Dal,"Kalo Dal, Sugar",0.009207910432143978,0.10141754062463985,7.595983038790619
Seto Kerau,Chana,0.007031495239091765,0.40975609756097564,7.373449490473064
Chana,Seto Kerau,0.007031495239091765,0.12652984372057993,7.373449490473064
Kalo Dal,Rato Dal,0.028931673119179657,0.6431728308909048,7.084018375964478
Rato Dal,Kalo Dal,0.028931673119179657,0.3186585225308286,7.084018375964478
RARA,WAI WAI  CHICKEN,0.012127236580516898,0.3096446700507614,6.9385090543379295
WAI WAI  CHICKEN,RARA,0.012127236580516898,0.27174677608440795,6.938509054337929
Mong Khosta,"Rato Dal, Sugar",0.005284084963900806,0.17194416070820567,6.484886913529288
"Rato Dal, Sugar",Mong Khosta,0.005284084963900806,0.1992896606156275,6.484886913529288
"Mong Khosta, Sugar",Rato Dal,0.005284084963900806,0.5477223427331888,6.032709956783549
Rato Dal,"Mong Khosta, Sugar",0.005284084963900806,0.05819983865391265,6.032709956783548
Mong Khosta,Rato Dal,0.015758083080464582,0.5127681307456589,5.647718134765774
Rato Dal,Mong Khosta,0.015758083080464582,0.1735622911144405,5.647718134765774
RARA,CURRENT Chk H&S NOODLES RS.45,0.005127131945171079,0.13091103393000267,5.290134254837359
CURRENT Chk H&S NOODLES RS.45,RARA,0.005127131945171079,0.20718816067653276,5.290134254837359
Mong Khosta,Kalo Dal,0.006006068850057549,0.1954375212802179,4.344722937601867
Kalo Dal,Mong Khosta,0.006006068850057549,0.1335194231216562,4.344722937601867
Aadar Dal,Rato Dal,0.006539709113738621,0.3654970760233918,4.025648905791813
Rato Dal,Aadar Dal,0.006539709113738621,0.07202950328454535,4.025648905791813
"Rato Dal, Sugar",SALT,0.005828188762163859,0.21981057616416733,3.883049309428738
SALT,"Rato Dal, Sugar",0.005828188762163859,0.10295748613678372,3.8830493094287375
Rato Dal,Mong Dal,0.005022496599351261,0.05531865852253083,3.776288710713051
Mong Dal,Rato Dal,0.005022496599351261,0.34285714285714286,3.776288710713051
Sugar,SAI DEEP CHIYA GOLD 500GM,0.0050538872030972065,0.029921942758022554,3.352450257191343
SAI DEEP CHIYA GOLD 500GM,Sugar,0.0050538872030972065,0.5662368112543963,3.3524502571913426
Sugar,"Rato Dal, SALT",0.005828188762163859,0.034506256969396604,2.976320377766456
"Rato Dal, SALT",Sugar,0.005828188762163859,0.5027075812274368,2.9763203777664557
"SALT, Sugar",Rato Dal,0.005828188762163859,0.2604020570359981,2.8681139323418625
Rato Dal,"SALT, Sugar",0.005828188762163859,0.06419269332718681,2.8681139323418625
PATANJALI SOAP,SALT,0.005273621429318824,0.15356489945155394,2.712790654451943
SALT,PATANJALI SOAP,0.005273621429318824,0.09316081330868761,2.7127906544519425
Kalo Dal,SALT,0.006456000837082767,0.14352174924401026,2.5353740434842997
SALT,Kalo Dal,0.006456000837082767,0.11404805914972274,2.5353740434842993
Rato Dal,PATANJALI SOAP,0.007837187401904363,0.08632015673619915,2.513594570164093
PATANJALI SOAP,Rato Dal,0.007837187401904363,0.22821450335161486,2.5135945701640927
Kalo Dal,Chana,0.006257193680025113,0.13910211677134218,2.503104744838481
Chana,Kalo Dal,0.006257193680025113,0.11259649783468274,2.503104744838481
SHAKTI SOYABEAN OIL 1LTR,Sugar,0.006089777126713404,0.40870786516853935,2.419787552605458
Sugar,SHAKTI SOYABEAN OIL 1LTR,0.006089777126713404,0.036055011770536494,2.419787552605458
Sugar,SALT,0.022381500470859055,0.13251146078552845,2.34087251520757
SALT,Sugar,0.022381500470859055,0.3953789279112754,2.3408725152075696
SALT,Chana,0.0073349377419692375,0.12957486136783736,2.3316643759977813
Chana,SALT,0.0073349377419692375,0.1319902090001883,2.331664375997781
KUNDAN SUNFLOWER 1LTR,Rato Dal,0.006654807994140421,0.20845624385447395,2.295973634340449
Rato Dal,KUNDAN SUNFLOWER 1LTR,0.006654807994140421,0.07329722254235335,2.295973634340449
Rato Dal,SALT,0.011593596316835828,0.127693903422842,2.255768271741407
SALT,Rato Dal,0.011593596316835828,0.20480591497227357,2.255768271741407
Rato Dal,Chana,0.011373862090614209,0.12527371211248128,2.254266365390668
Chana,Rato Dal,0.011373862090614209,0.20466955375635473,2.2542663653906674
Rato Dal,FAMILY SUNFLOWER 1LTR,0.006403683164172858,0.07053128961622682,2.218057041336886
FAMILY SUNFLOWER 1LTR,Rato Dal,0.006403683164172858,0.20138203356367226,2.218057041336886
Seto Kerau,Sugar,0.006131631265041331,0.35731707317073175,2.1155242648325383
Sugar,Seto Kerau,0.006131631265041331,0.03630281253871887,2.1155242648325383
Makai,Rato Dal,0.006581563252066548,0.18854916067146282,2.0767135283360267
Rato Dal,Makai,0.006581563252066548,0.07249049210556643,2.0767135283360263
Sugar,"Mong Khosta, Rato Dal",0.005284084963900806,0.03128484698302565,1.985320601705021
"Mong Khosta, Rato Dal",Sugar,0.005284084963900806,0.3353253652058433,1.9853206017050207
Sugar,Chana,0.01786125353144292,0.10574897782183125,1.9029240840580706
Chana,Sugar,0.01786125353144292,0.3214083976652231,1.9029240840580706
Aadar Dal,Sugar,0.005702626347180078,0.31871345029239767,1.8869684329354754
Sugar,Aadar Dal,0.005702626347180078,0.03376285466484946,1.8869684329354754
Sugar,"Kalo Dal, Rato Dal",0.009207910432143978,0.054516169000123904,1.8843075122393642
"Kalo Dal, Rato Dal",Sugar,0.009207910432143978,0.3182640144665461,1.884307512239364
PATANJALI SOAP,Sugar,0.010861148896097102,0.3162705667276052,1.872505145716592
Sugar,PATANJALI SOAP,0.010861148896097102,0.06430429934332797,1.872505145716592
Sugar,Mong Khosta,0.009647378884587214,0.05711807706603891,1.8586226166841466
Mong Khosta,Sugar,0.009647378884587214,0.31392577459993193,1.8586226166841466
Sugar,Kalo Dal,0.01335147012660877,0.07904844505017966,1.7573063255281858
Kalo Dal,Sugar,0.01335147012660877,0.29681321237497094,1.7573063255281858
Rato Dal,Sugar,0.026514596630741863,0.29203641811686065,1.7290249336778822
Sugar,Rato Dal,0.026514596630741863,0.1569817866435386,1.7290249336778822
GYAN CHAKKI AATA 2KG,Sugar,0.00554567332845035,0.2869518137520303,1.6989211275109366
Sugar,GYAN CHAKKI AATA 2KG,0.00554567332845035,0.03283360178416553,1.6989211275109364
BMC MEAT MASALA 100GM,Sugar,0.005315475567646751,0.28066298342541435,1.661687605375223
Sugar,BMC MEAT MASALA 100GM,0.005315475567646751,0.03147069755916243,1.6616876053752228
Sugar,KUNDAN SUNFLOWER 1LTR,0.008904467929266507,0.05271961343080164,1.651397396126422
KUNDAN SUNFLOWER 1LTR,Sugar,0.008904467929266507,0.2789249426417568,1.651397396126422
Sugar,FAMILY SUNFLOWER 1LTR,0.00858009835722507,0.05079915747738818,1.5975240145159555
FAMILY SUNFLOWER 1LTR,Sugar,0.00858009835722507,0.26982560052648896,1.5975240145159553
Sugar,BRT MARI 40g,0.0056607722088521505,0.033515053896667084,1.5080196331941966
BRT MARI 40g,Sugar,0.0056607722088521505,0.25470809792843696,1.5080196331941966
Makai,Sugar,0.00786857800565031,0.22541966426858515,1.334615122918392
Sugar,Makai,0.00786857800565031,0.046586544418287704,1.334615122918392
Gharana Maida 1kg,Sugar,0.007251229465313383,0.2176507537688442,1.2886186679276697
Sugar,Gharana Maida 1kg,0.007251229465313383,0.042931483087597574,1.2886186679276694
BADAM RAMRO,Sugar,0.00729308360364131,0.21693121693121692,1.2843585926227483
Sugar,BADAM RAMRO,0.00729308360364131,0.04317928385577995,1.284358592622748
Sugar,PRAWN 120gm,0.0057863346238359314,0.034258456201214225,1.1372284331886222
PRAWN 120gm,Sugar,0.0057863346238359314,0.19208058353594998,1.1372284331886222
