category,subcategory,n_products,transactions,share_pct,top_partner_subcategory,shared_baskets,top_product_pair,top_pair_count,example_products
FOOD STAPLES,Pulses,53,31798,34.6,Sweeteners,8300,Kalo Dal + Rato Dal,3989,"Rato Dal, Chana, Kalo Dal"
FOOD STAPLES,Sweeteners,14,24365,26.5,Pulses,8300,Sugar + Trust Mishri 500g,131,"Sugar, Trust Mishri 500g, GUD 100GM"
FOOD STAPLES,Grains and Flour,53,24219,26.3,Pulses,7252,Gharana Suji 500g + Makai,244,"Makai, Gharana Maida 1kg, GYAN CHAKKI AATA 2KG"
FOOD STAPLES,Seasonings,69,23093,25.1,Pulses,8143,Fufeng Testing 190gm + SALT,432,"SALT, Fufeng Testing 190gm, Trust Panchapuran 100g"
FOOD STAPLES,Other,234,19940,21.7,-,-,-,-,"MS Aloo, Krishma Dhumri 180gm, MITHO TITAURA RS.75"
FOOD STAPLES,Dairy and Eggs,2,10170,11.1,Pulses,1296,Chicken Egg + Local Milk 500ml,143,"Local Milk 500ml, Chicken Egg"
FOOD STAPLES,Nuts and Dry Fruits,14,8266,9.0,Pulses,2669,BADAM RAMRO + Coconut Dry,134,"BADAM RAMRO, Krishma Mixnut 100gm, Coconut Dry"
CANNED AND PACKAGED FOODS,Other,386,26810,43.0,-,-,-,-,"Victory Jeera 500g, Dhania 100g, H. SOYABEAN /MASSURA 200G"
CANNED AND PACKAGED FOODS,Chips and Snacks,70,16962,27.2,Papad and Fryums,2428,Jhilinga + PRAWN 120gm,289,"PRAWN 120gm, LAYS AMERICAN STYLE CREAM ONION 42G, Lnt Bhuja"
CANNED AND PACKAGED FOODS,Noodles and Pasta,41,14029,22.5,Chips and Snacks,2403,Fresh Chowmin 1kg + Fresh Chowmin 500g,197,"Fresh Chowmin 500g, Fresh Chowmin 1kg, BAM  MACARONI-350gm"
CANNED AND PACKAGED FOODS,Dry Fruits and Nuts,33,7069,11.3,Chips and Snacks,846,TRUST KAJU 100GM + Trust Almond 100gm,547,"TRUST KAJU 100GM, Trust Almond 100gm, Trust Green Kismiss 100gm"
CANNED AND PACKAGED FOODS,Pickles and Sauces,99,6604,10.6,Noodles and Pasta,1265,PAICHO SOYA SAUCE 300gm + PAICHO TOMATO KETCHUP 200G,13,"Sagar ChukAmilo 180ml, Fish Pickle 30gm, Mitho Titaura RS.40"
CANNED AND PACKAGED FOODS,Papad and Fryums,14,5791,9.3,Chips and Snacks,2428,HAL PANJABI PAPAD 170GM + HAL SADA PAPAD 170GM,54,"SADA PAPAD, HAL SADA PAPAD 170GM, HAL PANJABI PAPAD 170GM"
CANNED AND PACKAGED FOODS,Health Drinks and Cereals,38,3286,5.3,Noodles and Pasta,342,Century Oats 500gm + HORLICKS CLASSIC MALT JAR 500GM,6,"HORLICKS CLASSIC MALT JAR 500GM, HORLICKS CLASSIC MALT JAR 1KG, HORLICKS CLASSIC MALT JAR 200GM"
CANNED AND PACKAGED FOODS,Beaten Rice and Flakes,9,2202,3.5,Chips and Snacks,343,NEBICO CHIURA 700GM + Sada Chiura Bhagwati 1KG,5,"Sada Chiura Bhagwati 1KG, NEBICO CHIURA 700GM, BHAGWATI TAICHI CHIURA 1KG"
TEA AND SPICES,Tea,89,9489,28.8,Masala Blends,978,Century Tea Masala 50gm + SAI DEEP CHIYA GOLD 500GM,11,"SAI DEEP CHIYA GOLD 500GM, Saideep Premium Tea 1KG, Tokla Tea Box 200gm"
TEA AND SPICES,Masala Blends,40,8819,26.7,Spice Powders and Flours,1578,BMC MEAT MASALA 100GM + Century Momo Masala 100gm,295,"BMC MEAT MASALA 100GM, BMC MEAT MASALA 50gm, Century Momo Masala 100gm"
TEA AND SPICES,Spice Powders and Flours,16,7198,21.8,Masala Blends,1578,Sagar ChillyPow 100g + Sagar Tumeric 100g,188,"Sagar ChillyPow 100g, Sagar Tumeric 100g, Sagar ChillyPow 200g"
TEA AND SPICES,Whole Spices,25,6988,21.2,Masala Blends,1077,KRISHMA LWANG 50GM + KRISHMA SUKMEL 40GM,193,"KRISHMA MARIJ 50GM, KRISHMA SUKMEL 40GM, KRISHMA JEERA 50GM"
TEA AND SPICES,Coffee,50,5418,16.4,Tea,482,Nes All in 1 sac 10 + Nes Rs 4 Classic Stick,41,"Nes Rs 4 Classic Stick, NES CLAS JAR 36*24G, NES CLAS DAWN JAR 30*45G N1"
TEA AND SPICES,Other,35,2436,7.4,-,-,-,-,"Chakku, KRISHMA MARGELO 100GM, Century Kashmiri Mirch 100gm"
COOKING OIL,Sunflower Oil,25,17808,54.1,Mustard Oil,1199,KUNDAN SUNFLOWER 1LTR + KUNDAN SUNFLOWER 500ML,163,"KUNDAN SUNFLOWER 1LTR, FAMILY SUNFLOWER 1LTR, KUNDAN SUNFLOWER 500ML"
COOKING OIL,Mustard Oil,19,6187,18.8,Sunflower Oil,1199,Dhara Mustard Oil 1l + Dhara Mustard Oil 500ml,65,"Dhara Mustard Oil 1l, Dhara Mustard Oil 500ml, Koseli Mustard oil 1l"
COOKING OIL,Soybean Oil,10,4045,12.3,Ghee and Vanaspati,340,SHAKTI SOYABEAN OIL 1LTR + Shakti Soyabean 500ml,215,"SHAKTI SOYABEAN OIL 1LTR, KUNDAN SOYABEAN 1LTR, Shakti Soyabean 500ml"
COOKING OIL,Other,2,3251,9.9,-,-,-,-,"Cello Oil 1l, Cello Oil 500ml"
COOKING OIL,Blended and Health Oils,22,2792,8.5,Mustard Oil,238,Dhara Health 1l + Koseli Health oil 1ltr,4,"Dhara Health 1l, Koseli Health oil 1ltr, Sunbean Corn Oil 2Ltr"
COOKING OIL,Ghee and Vanaspati,6,1745,5.3,Soybean Oil,340,DDC Ghee Jar 1Ltr + DELICIOUS GHEE 1L JAR,2,"Swastik Vanaspati Ghee 500ml, SHAKTI DALDA GHEE 500ML, DELICIOUS GHEE 1L JAR"
CLEANING SUPPLIES,Washing Soap Bars,163,20789,67.2,Detergent Powder,4452,Dhoni LS 300 + PATANJALI SOAP,395,"PATANJALI SOAP, Dhoni Soap 250g, Dhoni LS 300"
CLEANING SUPPLIES,Detergent Powder,64,10028,32.4,Washing Soap Bars,4452,RIN SHAKTI 500G + TIDE PLUS JASMINE & ROSE 500GM,32,"RIN SHAKTI 500G, TIDE PLUS LEMON & MINT 1KG, RIN SHAKTI 1KG"
CLEANING SUPPLIES,Dishwash,18,3904,12.6,Washing Soap Bars,1795,Vim Anti Smell  150gm + Vim Bar 150gm,21,"VIM BAR 75GM, Vim Bar 150gm, Exo 95gm"
CLEANING SUPPLIES,Toilet and Floor Cleaners,20,2983,9.6,Washing Soap Bars,1152,COLIN TIG REG 500ML + HRP PWR ORIGINAL 500ML,34,"HRP PWR ORIGINAL 500ML, COLIN TIG REG 500ML, HRP CITRUS 500ML"
CLEANING SUPPLIES,Other,81,2757,8.9,-,-,-,-,"XTRAA LEMON LS 200*24, DPN 200gm Square 4pcs, More Light 1kg"
